id,CO2_working_capacity [mL/g]
pretest_1,78.767426
pretest_2,120.25194
pretest_3,194.9595
pretest_4,61.300304
pretest_5,80.97854
pretest_6,294.69632
pretest_7,91.00706
pretest_8,70.13923
pretest_9,70.3012
pretest_10,432.97046
pretest_11,177.0271
pretest_12,164.6901
pretest_13,84.126755
pretest_14,248.84155
pretest_15,232.2702
pretest_16,74.569336
pretest_17,57.366283
pretest_18,54.770267
pretest_19,63.757065
pretest_20,144.98833
pretest_21,50.349228
pretest_22,211.94633
pretest_23,171.8355
pretest_24,97.86339
pretest_25,164.30728
pretest_26,203.91316
pretest_27,74.4056
pretest_28,96.935
pretest_29,61.58748
pretest_30,92.56985
pretest_31,146.14052
pretest_32,60.50537
pretest_33,90.52772
pretest_34,53.541813
pretest_35,115.37755
pretest_36,107.405205
pretest_37,81.97574
pretest_38,73.00961
pretest_39,81.86326
pretest_40,111.63666
pretest_41,87.5838
pretest_42,319.53946
pretest_43,72.65079
pretest_44,255.194
pretest_45,135.03685
pretest_46,165.99326
pretest_47,90.16228
pretest_48,160.26567
pretest_49,129.73596
pretest_50,45.9987
pretest_51,95.79028
pretest_52,115.15544
pretest_53,62.014004
pretest_54,166.85245
pretest_55,127.64093
pretest_56,77.85813
pretest_57,76.01187
pretest_58,97.82855
pretest_59,124.57477
pretest_60,78.11303
pretest_61,212.40082
pretest_62,69.250496
pretest_63,69.77723
pretest_64,142.94342
pretest_65,85.037254
pretest_66,164.99622
pretest_67,101.89124
pretest_68,190.50577
pretest_69,210.3661
pretest_70,69.85869
pretest_71,309.03473
pretest_72,107.60901
pretest_73,64.04104
pretest_74,177.4171
pretest_75,201.11243
pretest_76,170.76697
pretest_77,243.28757
pretest_78,108.32626
pretest_79,108.728806
pretest_80,78.74774
pretest_81,96.51914
pretest_82,143.73833
pretest_83,89.842545
pretest_84,194.29082
pretest_85,100.07329
pretest_86,62.945396
pretest_87,105.965485
pretest_88,157.52441
pretest_89,70.98313
pretest_90,188.90732
pretest_91,77.55019
pretest_92,181.01035
pretest_93,123.16161
pretest_94,204.80316
pretest_95,63.998512
pretest_96,151.59995
pretest_97,78.276505
pretest_98,71.1546
pretest_99,136.66698
pretest_100,74.417244
pretest_101,82.535
pretest_102,74.02019
pretest_103,103.974594
pretest_104,134.7611
pretest_105,63.297485
pretest_106,100.79634
pretest_107,89.40033
pretest_108,190.90614
pretest_109,52.59911
pretest_110,79.63007
pretest_111,104.70448
pretest_112,139.58466
pretest_113,297.75024
pretest_114,77.475235
pretest_115,114.40297
pretest_116,82.63057
pretest_117,139.83061
pretest_118,85.61224
pretest_119,255.61125
pretest_120,92.04359
pretest_121,66.630714
pretest_122,132.95119
pretest_123,115.28372
pretest_124,118.00896
pretest_125,162.46022
pretest_126,50.889458
pretest_127,130.8364
pretest_128,236.27563
pretest_129,92.10515
pretest_130,134.45282
pretest_131,190.48956
pretest_132,96.85689
pretest_133,238.57855
pretest_134,71.28926
pretest_135,156.50656
pretest_136,206.02759
pretest_137,220.55484
pretest_138,148.64069
pretest_139,89.640015
pretest_140,74.47645
pretest_141,78.93649
pretest_142,53.506256
pretest_143,90.56781
pretest_144,93.627914
pretest_145,55.187065
pretest_146,92.00157
pretest_147,75.59187
pretest_148,193.33655
pretest_149,121.29254
pretest_150,80.60675
pretest_151,68.52589
pretest_152,215.97423
pretest_153,89.39371
pretest_154,74.58237
pretest_155,348.04565
pretest_156,241.84282
pretest_157,74.14174
pretest_158,211.02539
pretest_159,113.716034
pretest_160,206.64264
pretest_161,158.88057
pretest_162,97.318794
pretest_163,121.64497
pretest_164,76.36398
pretest_165,107.17699
pretest_166,232.60828
pretest_167,281.7485
pretest_168,193.77946
pretest_169,79.22868
pretest_170,134.12411
pretest_171,212.0099
pretest_172,77.85938
pretest_173,140.0776
pretest_174,160.7735
pretest_175,163.89236
pretest_176,79.357704
pretest_177,86.42267
pretest_178,62.300903
pretest_179,125.75235
pretest_180,85.74502
pretest_181,75.554306
pretest_182,47.145138
pretest_183,113.292175
pretest_184,161.85191
pretest_185,72.64102
pretest_186,75.11685
pretest_187,82.707634
pretest_188,66.69515
pretest_189,138.16716
pretest_190,118.627335
pretest_191,74.89934
pretest_192,53.335964
pretest_193,76.47882
pretest_194,116.26912
pretest_195,148.59889
pretest_196,62.16167
pretest_197,206.83626
pretest_198,43.917976
pretest_199,61.86569
pretest_200,110.32758
pretest_201,75.836136
pretest_202,119.73742
pretest_203,50.800972
pretest_204,59.994865
pretest_205,90.24985
pretest_206,69.16495
pretest_207,61.762577
pretest_208,189.41635
pretest_209,71.45554
pretest_210,146.84055
pretest_211,61.117184
pretest_212,102.704834
pretest_213,153.04073
pretest_214,130.58107
pretest_215,96.859116
pretest_216,91.78617
pretest_217,72.07205
pretest_218,85.764885
pretest_219,169.07008
pretest_220,71.322464
pretest_221,90.81482
pretest_222,223.071
pretest_223,100.07349
pretest_224,86.01755
pretest_225,84.053055
pretest_226,148.89471
pretest_227,103.322495
pretest_228,74.44212
pretest_229,237.12659
pretest_230,153.13362
pretest_231,89.90893
pretest_232,78.23977
pretest_233,65.5324
pretest_234,69.84696
pretest_235,146.3152
pretest_236,196.92664
pretest_237,75.91213
pretest_238,74.84322
pretest_239,138.57892
pretest_240,107.7903
pretest_241,76.8918
pretest_242,208.09932
pretest_243,164.30249
pretest_244,75.53131
pretest_245,95.32427
pretest_246,60.976757
pretest_247,122.59161
pretest_248,61.724308
pretest_249,216.37369
pretest_250,112.6028
pretest_251,95.35596
pretest_252,265.33105
pretest_253,230.35748
pretest_254,127.62575
pretest_255,211.54138
pretest_256,234.656
pretest_257,122.29042
pretest_258,138.2878
pretest_259,249.93262
pretest_260,177.69525
pretest_261,69.97706
pretest_262,106.95818
pretest_263,134.26312
pretest_264,80.05469
pretest_265,152.4566
pretest_266,87.77013
pretest_267,179.30602
pretest_268,75.28401
pretest_269,54.529957
pretest_270,115.510574
pretest_271,86.05272
pretest_272,135.40126
pretest_273,94.80853
pretest_274,63.098274
pretest_275,61.997196
pretest_276,91.07768
pretest_277,66.88565
pretest_278,108.978935
pretest_279,223.8216
pretest_280,76.46171
pretest_281,342.18683
pretest_282,190.48524
pretest_283,183.62833
pretest_284,79.32907
pretest_285,83.15571
pretest_286,92.342735
pretest_287,155.59244
pretest_288,49.13706
pretest_289,169.5635
pretest_290,141.92029
pretest_291,139.17725
pretest_292,154.6725
pretest_293,71.55237
pretest_294,306.54056
pretest_295,59.778854
pretest_296,267.81958
pretest_297,71.06662
pretest_298,201.12216
pretest_299,124.40727
pretest_300,68.93467
pretest_301,148.58286
pretest_302,93.07142
pretest_303,83.90219
pretest_304,317.92993
pretest_305,133.24611
pretest_306,222.91565
pretest_307,52.007153
pretest_308,83.47122
pretest_309,209.50871
pretest_310,73.831726
pretest_311,105.26869
pretest_312,74.93037
pretest_313,92.42035
pretest_314,90.07535
pretest_315,173.62288
pretest_316,123.08299
pretest_317,89.35582
pretest_318,76.529526
pretest_319,80.58034
pretest_320,161.94283
pretest_321,94.42479
pretest_322,73.27127
pretest_323,97.4704
pretest_324,82.323814
pretest_325,113.35701
pretest_326,101.17998
pretest_327,121.534805
pretest_328,85.135
pretest_329,69.88025
pretest_330,62.931515
pretest_331,203.65619
pretest_332,136.25421
pretest_333,123.59302
pretest_334,88.582924
pretest_335,70.58692
pretest_336,109.90184
pretest_337,80.8538
pretest_338,219.23532
pretest_339,295.02213
pretest_340,147.13496
pretest_341,62.690212
pretest_342,78.634254
pretest_343,110.78043
pretest_344,193.80672
pretest_345,357.2963
pretest_346,138.27856
pretest_347,183.8464
pretest_348,262.48932
pretest_349,81.09468
pretest_350,193.1059
pretest_351,84.75476
pretest_352,80.26836
pretest_353,80.66313
pretest_354,111.88286
pretest_355,59.075897
pretest_356,130.58011
pretest_357,193.50552
pretest_358,95.969
pretest_359,69.049934
pretest_360,479.31754
pretest_361,77.98264
pretest_362,72.6611
pretest_363,158.32025
pretest_364,85.57503
pretest_365,126.16016
pretest_366,171.51886
pretest_367,483.6421
pretest_368,248.75453
pretest_369,98.01661
pretest_370,287.08008
pretest_371,139.11597
pretest_372,100.387245
pretest_373,263.10745
pretest_374,112.268906
pretest_375,61.419125
pretest_376,115.79794
pretest_377,138.21588
pretest_378,167.8648
pretest_379,54.318466
pretest_380,171.09003
pretest_381,48.38138
pretest_382,292.40222
pretest_383,266.18845
pretest_384,183.60234
pretest_385,69.4589
pretest_386,67.06904
pretest_387,170.44289
pretest_388,191.15253
pretest_389,131.28079
pretest_390,99.69174
pretest_391,80.0824
pretest_392,93.5729
pretest_393,165.04747
pretest_394,203.27415
pretest_395,230.074
pretest_396,106.84736
pretest_397,150.87073
pretest_398,177.26671
pretest_399,100.83124
pretest_400,159.10397
pretest_401,94.87718
pretest_402,80.87916
pretest_403,93.60126
pretest_404,78.26578
pretest_405,201.41559
pretest_406,69.92783
pretest_407,92.57528
pretest_408,130.33917
pretest_409,97.95877
pretest_410,86.17922
pretest_411,295.1279
pretest_412,92.721436
pretest_413,119.63525
pretest_414,216.42883
pretest_415,129.19563
pretest_416,91.66623
pretest_417,87.56219
pretest_418,274.6304
pretest_419,184.04321
pretest_420,76.31712
pretest_421,77.7712
pretest_422,67.38922
pretest_423,71.31107
pretest_424,185.9049
pretest_425,207.2448
pretest_426,81.18831
pretest_427,88.94479
pretest_428,159.43013
pretest_429,152.38992
pretest_430,195.22403
pretest_431,261.51575
pretest_432,193.91545
pretest_433,233.15399
pretest_434,328.63824
pretest_435,66.831345
pretest_436,60.25759
pretest_437,82.843636
pretest_438,59.76042
pretest_439,155.19406
pretest_440,105.13992
pretest_441,138.40356
pretest_442,142.65775
pretest_443,238.2384
pretest_444,46.157967
pretest_445,65.3452
pretest_446,48.81927
pretest_447,78.19514
pretest_448,250.49754
pretest_449,85.38106
pretest_450,66.6104
pretest_451,323.9136
pretest_452,58.21788
pretest_453,64.55691
pretest_454,71.12002
pretest_455,150.66841
pretest_456,52.74701
pretest_457,70.524666
pretest_458,301.6588
pretest_459,103.681694
pretest_460,166.48657
pretest_461,70.0068
pretest_462,233.23349
pretest_463,109.93686
pretest_464,94.261314
pretest_465,372.33243
pretest_466,77.72715
pretest_467,89.26559
pretest_468,193.82365
pretest_469,248.61389
pretest_470,136.76633
pretest_471,174.69266
pretest_472,177.85222
pretest_473,113.99607
pretest_474,198.22038
pretest_475,330.3799
pretest_476,175.36293
pretest_477,82.50848
pretest_478,54.710487
pretest_479,103.50267
pretest_480,243.5729
pretest_481,85.27742
pretest_482,229.18134
pretest_483,146.54385
pretest_484,69.27457
pretest_485,106.31911
pretest_486,88.14654
pretest_487,88.42523
pretest_488,100.13837
pretest_489,72.8275
pretest_490,124.044754
pretest_491,91.11301
pretest_492,56.655827
pretest_493,94.018326
pretest_494,115.12868
pretest_495,114.04639
pretest_496,89.71268
pretest_497,75.6291
pretest_498,91.66231
pretest_499,235.06519
pretest_500,233.56708
pretest_501,141.5196
pretest_502,102.449005
pretest_503,257.50253
pretest_504,102.77627
pretest_505,75.9646
pretest_506,64.81772
pretest_507,86.932205
pretest_508,162.28133
pretest_509,66.89613
pretest_510,163.35855
pretest_511,358.5648
pretest_512,214.05676
pretest_513,70.21592
pretest_514,189.09906
pretest_515,57.7852
pretest_516,128.82018
pretest_517,108.20128
pretest_518,51.415085
pretest_519,56.883724
pretest_520,70.12325
pretest_521,73.51953
pretest_522,252.04475
pretest_523,93.26236
pretest_524,80.564156
pretest_525,66.38286
pretest_526,90.71413
pretest_527,133.77411
pretest_528,74.48779
pretest_529,209.46751
pretest_530,65.55824
pretest_531,53.592075
pretest_532,216.65674
pretest_533,202.87766
pretest_534,68.1762
pretest_535,125.294815
pretest_536,50.93668
pretest_537,277.2683
pretest_538,132.25455
pretest_539,59.239098
pretest_540,63.646217
pretest_541,64.48469
pretest_542,92.75059
pretest_543,192.00732
pretest_544,56.522396
pretest_545,79.96545
pretest_546,232.92337
pretest_547,215.38474
pretest_548,258.52014
pretest_549,215.57526
pretest_550,98.57332
pretest_551,62.497723
pretest_552,164.48447
pretest_553,143.18307
pretest_554,198.83719
pretest_555,70.436745
pretest_556,196.09927
pretest_557,127.28563
pretest_558,210.94086
pretest_559,118.84389
pretest_560,99.12045
pretest_561,99.52656
pretest_562,89.54504
pretest_563,134.9204
pretest_564,56.45695
pretest_565,83.99771
pretest_566,148.34825
pretest_567,119.863335
pretest_568,131.44846
pretest_569,165.53317
pretest_570,209.49527
pretest_571,345.03958
pretest_572,55.251488
pretest_573,71.428085
pretest_574,179.87776
pretest_575,82.24757
pretest_576,128.31906
pretest_577,94.74562
pretest_578,83.56559
pretest_579,294.6365
pretest_580,166.57187
pretest_581,87.964645
pretest_582,92.3867
pretest_583,95.88248
pretest_584,251.53476
pretest_585,106.71135
pretest_586,173.95258
pretest_587,113.21943
pretest_588,64.07889
pretest_589,142.2309
pretest_590,125.47676
pretest_591,148.43318
pretest_592,146.88397
pretest_593,91.59389
pretest_594,65.93185
pretest_595,113.020424
pretest_596,74.68005
pretest_597,60.422264
pretest_598,166.94142
pretest_599,151.55269
pretest_600,145.24327
pretest_601,177.99722
pretest_602,62.080406
pretest_603,241.50974
pretest_604,217.98598
pretest_605,54.150997
pretest_606,99.60518
pretest_607,119.61649
pretest_608,151.81184
pretest_609,59.48029
pretest_610,74.758545
pretest_611,152.42815
pretest_612,91.46837
pretest_613,214.93369
pretest_614,188.92773
pretest_615,77.08313
pretest_616,101.5524
pretest_617,75.60728
pretest_618,237.99611
pretest_619,72.25439
pretest_620,102.95979
pretest_621,72.110275
pretest_622,47.596565
pretest_623,105.23254
pretest_624,136.7857
pretest_625,164.97409
pretest_626,222.30753
pretest_627,167.00046
pretest_628,194.62346
pretest_629,83.15245
pretest_630,77.709694
pretest_631,162.69568
pretest_632,59.874928
pretest_633,250.8584
pretest_634,67.11301
pretest_635,84.08523
pretest_636,151.33974
pretest_637,70.79071
pretest_638,177.37871
pretest_639,72.67275
pretest_640,69.71509
pretest_641,64.52061
pretest_642,77.68305
pretest_643,84.662025
pretest_644,395.87766
pretest_645,128.81137
pretest_646,92.94946
pretest_647,186.9851
pretest_648,124.92512
pretest_649,61.181446
pretest_650,184.58221
pretest_651,60.23068
pretest_652,159.98834
pretest_653,151.31783
pretest_654,128.94829
pretest_655,72.8553
pretest_656,83.58263
pretest_657,133.03735
pretest_658,215.04721
pretest_659,56.433483
pretest_660,211.64545
pretest_661,79.38985
pretest_662,68.63258
pretest_663,63.893513
pretest_664,126.04074
pretest_665,94.71173
pretest_666,163.91745
pretest_667,164.49649
pretest_668,64.20524
pretest_669,58.16024
pretest_670,56.85529
pretest_671,208.53566
pretest_672,135.17377
pretest_673,88.68361
pretest_674,74.567795
pretest_675,128.7218
pretest_676,120.86403
pretest_677,307.0206
pretest_678,172.2131
pretest_679,88.11496
pretest_680,67.49373
pretest_681,62.6753
pretest_682,72.61086
pretest_683,229.80197
pretest_684,114.15923
pretest_685,146.90317
pretest_686,238.87665
pretest_687,178.0676
pretest_688,184.64774
pretest_689,62.60274
pretest_690,210.24402
pretest_691,214.61441
pretest_692,86.93587
pretest_693,63.822342
pretest_694,121.89328
pretest_695,239.46567
pretest_696,91.21348
pretest_697,77.40364
pretest_698,162.78275
pretest_699,95.91504
pretest_700,220.40045
pretest_701,152.88083
pretest_702,101.38225
pretest_703,141.82834
pretest_704,83.28877
pretest_705,222.05351
pretest_706,109.12283
pretest_707,244.56259
pretest_708,130.42342
pretest_709,90.59949
pretest_710,118.77075
pretest_711,62.046295
pretest_712,53.949417
pretest_713,126.75037
pretest_714,93.87335
pretest_715,55.56525
pretest_716,78.634155
pretest_717,251.0906
pretest_718,286.75204
pretest_719,133.91786
pretest_720,96.18466
pretest_721,124.886246
pretest_722,207.81491
pretest_723,118.53668
pretest_724,66.467896
pretest_725,66.915054
pretest_726,176.52042
pretest_727,167.22157
pretest_728,208.9862
pretest_729,51.771244
pretest_730,82.688774
pretest_731,219.07028
pretest_732,68.33184
pretest_733,248.08276
pretest_734,58.075737
pretest_735,77.93224
pretest_736,148.48177
pretest_737,243.65503
pretest_738,279.6443
pretest_739,126.17435
pretest_740,53.152878
pretest_741,59.002056
pretest_742,50.731415
pretest_743,100.00051
pretest_744,101.946815
pretest_745,185.92488
pretest_746,220.27357
pretest_747,170.29034
pretest_748,161.25624
pretest_749,71.05362
pretest_750,136.41309
pretest_751,91.18977
pretest_752,228.4813
pretest_753,93.44379
pretest_754,167.06236
pretest_755,265.79926
pretest_756,93.05576
pretest_757,106.139755
pretest_758,169.24356
pretest_759,115.05152
pretest_760,136.12167
pretest_761,164.75253
pretest_762,123.97319
pretest_763,63.545216
pretest_764,95.80582
pretest_765,134.19565
pretest_766,83.83616
pretest_767,363.99426
pretest_768,105.092445
pretest_769,85.4603
pretest_770,65.245926
pretest_771,93.86803
pretest_772,160.7522
pretest_773,55.632397
pretest_774,89.405014
pretest_775,122.065796
pretest_776,156.9479
pretest_777,123.156845
pretest_778,100.9858
pretest_779,181.33888
pretest_780,74.70895
pretest_781,80.798615
pretest_782,172.82791
pretest_783,69.068
pretest_784,81.99404
pretest_785,203.04839
pretest_786,150.87071
pretest_787,75.47313
pretest_788,198.23767
pretest_789,103.333984
pretest_790,46.601315
pretest_791,134.8147
pretest_792,132.26375
pretest_793,87.1812
pretest_794,57.37052
pretest_795,84.42282
pretest_796,65.493286
pretest_797,83.492134
pretest_798,93.51453
pretest_799,55.895863
pretest_800,142.66402
pretest_801,255.78839
pretest_802,74.50595
pretest_803,53.48519
pretest_804,68.080696
pretest_805,117.98096
pretest_806,115.249435
pretest_807,195.98018
pretest_808,118.52486
pretest_809,100.30803
pretest_810,92.86131
pretest_811,188.94826
pretest_812,76.916595
pretest_813,98.00371
pretest_814,72.359985
pretest_815,295.2205
pretest_816,159.00632
pretest_817,96.362854
pretest_818,49.79346
pretest_819,199.25839
pretest_820,103.107544
pretest_821,242.41382
pretest_822,63.29765
pretest_823,89.17938
pretest_824,182.62164
pretest_825,66.33695
pretest_826,77.20379
pretest_827,169.3341
pretest_828,50.2081
pretest_829,60.77078
pretest_830,81.653885
pretest_831,135.96136
pretest_832,80.15425
pretest_833,73.83092
pretest_834,135.27466
pretest_835,65.74006
pretest_836,216.42215
pretest_837,91.390854
pretest_838,78.36572
pretest_839,205.75519
pretest_840,55.276157
pretest_841,70.8468
pretest_842,130.41641
pretest_843,381.68878
pretest_844,124.3587
pretest_845,74.472946
pretest_846,178.7927
pretest_847,178.37827
pretest_848,70.506546
pretest_849,234.83313
pretest_850,114.49815
pretest_851,70.262375
pretest_852,131.0755
pretest_853,100.05748
pretest_854,110.47977
pretest_855,131.55185
pretest_856,172.67413
pretest_857,95.927216
pretest_858,197.6813
pretest_859,91.88005
pretest_860,192.42941
pretest_861,162.61624
pretest_862,53.28478
pretest_863,77.99582
pretest_864,52.412903
pretest_865,171.7186
pretest_866,76.57201
pretest_867,65.81171
pretest_868,223.81914
pretest_869,90.88089
pretest_870,117.08408
pretest_871,111.13741
pretest_872,60.28036
pretest_873,305.28043
pretest_874,215.26236
pretest_875,114.42255
pretest_876,147.85468
pretest_877,68.85152
pretest_878,74.7589
pretest_879,63.932095
pretest_880,131.11635
pretest_881,275.22885
pretest_882,154.53848
pretest_883,114.43327
pretest_884,124.330574
pretest_885,99.96169
pretest_886,59.576168
pretest_887,64.39762
pretest_888,80.96363
pretest_889,110.34315
pretest_890,167.06265
pretest_891,215.09007
pretest_892,69.592155
pretest_893,110.513824
pretest_894,268.61105
pretest_895,57.868267
pretest_896,82.90459
pretest_897,330.2512
pretest_898,64.53506
pretest_899,74.473305
pretest_900,110.22655
pretest_901,144.50758
pretest_902,62.637142
pretest_903,75.22928
pretest_904,69.59781
pretest_905,131.13722
pretest_906,107.54669
pretest_907,176.63423
pretest_908,84.23314
pretest_909,178.05754
pretest_910,97.69597
pretest_911,94.62861
pretest_912,146.96635
pretest_913,133.3731
pretest_914,73.18778
pretest_915,87.51522
pretest_916,122.08941
pretest_917,82.345726
pretest_918,89.29766
pretest_919,169.67245
pretest_920,168.43472
pretest_921,110.375824
pretest_922,109.65929
pretest_923,59.05292
pretest_924,59.302437
pretest_925,91.18778
pretest_926,79.643654
pretest_927,138.82315
pretest_928,50.69294
pretest_929,53.61918
pretest_930,84.84089
pretest_931,245.3143
pretest_932,55.169422
pretest_933,141.98969
pretest_934,108.45984
pretest_935,209.27402
pretest_936,156.00348
pretest_937,78.6477
pretest_938,175.30536
pretest_939,112.299515
pretest_940,216.80516
pretest_941,93.890465
pretest_942,192.6301
pretest_943,70.70729
pretest_944,160.20584
pretest_945,73.29118
pretest_946,346.57425
pretest_947,276.8703
pretest_948,93.642876
pretest_949,100.26913
pretest_950,167.43861
pretest_951,72.50002
pretest_952,115.94072
pretest_953,156.16637
pretest_954,193.37314
pretest_955,138.7151
pretest_956,227.41032
pretest_957,95.097435
pretest_958,60.352886
pretest_959,68.18009
pretest_960,247.77466
pretest_961,127.27452
pretest_962,116.0356
pretest_963,66.54724
pretest_964,59.830334
pretest_965,84.74526
pretest_966,88.40309
pretest_967,78.58827
pretest_968,196.39742
pretest_969,88.797516
pretest_970,104.2419
pretest_971,64.407715
pretest_972,111.306015
pretest_973,289.07343
pretest_974,69.90901
pretest_975,219.25732
pretest_976,86.06758
pretest_977,104.21517
pretest_978,126.554245
pretest_979,95.22012
pretest_980,253.62506
pretest_981,54.30648
pretest_982,130.07568
pretest_983,151.1052
pretest_984,224.81523
pretest_985,85.018585
pretest_986,224.39539
pretest_987,53.382687
pretest_988,267.2256
pretest_989,63.22258
pretest_990,77.60265
pretest_991,369.02176
pretest_992,79.320755
pretest_993,87.66733
pretest_994,90.336395
pretest_995,52.02681
pretest_996,139.21362
pretest_997,173.96185
pretest_998,69.67338
pretest_999,139.2933
pretest_1000,117.04161
pretest_1001,65.990486
pretest_1002,173.71402
pretest_1003,75.52316
pretest_1004,47.93766
pretest_1005,87.90193
pretest_1006,100.739746
pretest_1007,82.73198
pretest_1008,49.196045
pretest_1009,148.07458
pretest_1010,121.45598
pretest_1011,104.39061
pretest_1012,171.30061
pretest_1013,173.13776
pretest_1014,85.74381
pretest_1015,195.25659
pretest_1016,60.015858
pretest_1017,112.69505
pretest_1018,104.41753
pretest_1019,141.44647
pretest_1020,61.502144
pretest_1021,103.03185
pretest_1022,62.7221
pretest_1023,78.04897
pretest_1024,67.15454
pretest_1025,64.62974
pretest_1026,284.03375
pretest_1027,75.67767
pretest_1028,200.15808
pretest_1029,123.16396
pretest_1030,347.7408
pretest_1031,63.756817
pretest_1032,89.68499
pretest_1033,77.82391
pretest_1034,78.89786
pretest_1035,99.17403
pretest_1036,72.188095
pretest_1037,78.819244
pretest_1038,57.198498
pretest_1039,47.45365
pretest_1040,87.46196
pretest_1041,94.21031
pretest_1042,63.59625
pretest_1043,74.12382
pretest_1044,259.31436
pretest_1045,66.973076
pretest_1046,220.07346
pretest_1047,60.276104
pretest_1048,81.01626
pretest_1049,92.59128
pretest_1050,92.12544
pretest_1051,189.36182
pretest_1052,109.556915
pretest_1053,187.44623
pretest_1054,117.14232
pretest_1055,178.46265
pretest_1056,73.66237
pretest_1057,219.74945
pretest_1058,167.39465
pretest_1059,170.34052
pretest_1060,79.78167
pretest_1061,254.23523
pretest_1062,76.06253
pretest_1063,157.9834
pretest_1064,58.97275
pretest_1065,145.78644
pretest_1066,103.60201
pretest_1067,66.402824
pretest_1068,100.694885
pretest_1069,165.40677
pretest_1070,120.43864
pretest_1071,78.85495
pretest_1072,51.879845
pretest_1073,178.09604
pretest_1074,117.852646
pretest_1075,65.21685
pretest_1076,116.1945
pretest_1077,121.16916
pretest_1078,90.46357
pretest_1079,74.57316
pretest_1080,109.1876
pretest_1081,68.24232
pretest_1082,316.6071
pretest_1083,75.78347
pretest_1084,66.273125
pretest_1085,87.888664
pretest_1086,95.35922
pretest_1087,81.823296
pretest_1088,60.410664
pretest_1089,84.87108
pretest_1090,64.21742
pretest_1091,163.02052
pretest_1092,206.40569
pretest_1093,162.99521
pretest_1094,48.92873
pretest_1095,65.09035
pretest_1096,238.76508
pretest_1097,140.49374
pretest_1098,298.17993
pretest_1099,202.51958
pretest_1100,56.3587
pretest_1101,177.74683
pretest_1102,63.846355
pretest_1103,71.115036
pretest_1104,107.59196
pretest_1105,112.96188
pretest_1106,95.00784
pretest_1107,112.40619
pretest_1108,108.416405
pretest_1109,50.275005
pretest_1110,145.51613
pretest_1111,259.64377
pretest_1112,166.4023
pretest_1113,53.879047
pretest_1114,58.635273
pretest_1115,66.00514
pretest_1116,74.16949
pretest_1117,98.79106
pretest_1118,69.17519
pretest_1119,85.345436
pretest_1120,71.354744
pretest_1121,166.65337
pretest_1122,227.16922
pretest_1123,54.724762
pretest_1124,148.19025
pretest_1125,201.53535
pretest_1126,65.511406
pretest_1127,151.0433
pretest_1128,67.3177
pretest_1129,88.980225
pretest_1130,193.20584
pretest_1131,247.68803
pretest_1132,62.942287
pretest_1133,183.59499
pretest_1134,180.32014
pretest_1135,65.805786
pretest_1136,84.48858
pretest_1137,116.51749
pretest_1138,98.12555
pretest_1139,67.08915
pretest_1140,85.7379
pretest_1141,99.17682
pretest_1142,58.76693
pretest_1143,77.84392
pretest_1144,230.4505
pretest_1145,85.26757
pretest_1146,254.59406
pretest_1147,193.57632
pretest_1148,150.17157
pretest_1149,98.868126
pretest_1150,165.13638
pretest_1151,163.11945
pretest_1152,112.86506
pretest_1153,63.01024
pretest_1154,130.70001
pretest_1155,94.116646
pretest_1156,66.71754
pretest_1157,127.027985
pretest_1158,49.327934
pretest_1159,60.510616
pretest_1160,106.21153
pretest_1161,55.59799
pretest_1162,89.66315
pretest_1163,110.25741
pretest_1164,190.8624
pretest_1165,192.81552
pretest_1166,61.727863
pretest_1167,99.245575
pretest_1168,103.066925
pretest_1169,84.9226
pretest_1170,149.39427
pretest_1171,203.8774
pretest_1172,80.36618
pretest_1173,109.20855
pretest_1174,143.20918
pretest_1175,176.28696
pretest_1176,94.92323
pretest_1177,186.7989
pretest_1178,161.83685
pretest_1179,84.10775
pretest_1180,128.2587
pretest_1181,103.24243
pretest_1182,64.026344
pretest_1183,90.946884
pretest_1184,92.094376
pretest_1185,71.63098
pretest_1186,213.59561
pretest_1187,120.01512
pretest_1188,162.94128
pretest_1189,97.253426
pretest_1190,64.09463
pretest_1191,199.36209
pretest_1192,74.08572
pretest_1193,229.77222
pretest_1194,193.0603
pretest_1195,295.54962
pretest_1196,205.08197
pretest_1197,98.52542
pretest_1198,137.08817
pretest_1199,74.44358
pretest_1200,69.490105
pretest_1201,135.68784
pretest_1202,91.53833
pretest_1203,132.16682
pretest_1204,100.42166
pretest_1205,242.45236
pretest_1206,74.57539
pretest_1207,75.68393
pretest_1208,255.58537
pretest_1209,51.089314
pretest_1210,111.841896
pretest_1211,73.855606
pretest_1212,110.8741
pretest_1213,60.574375
pretest_1214,142.09882
pretest_1215,70.43193
pretest_1216,317.62613
pretest_1217,142.85974
pretest_1218,204.42964
pretest_1219,134.0322
pretest_1220,80.47049
pretest_1221,84.7324
pretest_1222,73.38582
pretest_1223,202.86584
pretest_1224,55.306835
pretest_1225,95.22016
pretest_1226,198.64392
pretest_1227,106.17161
pretest_1228,68.841194
pretest_1229,64.74746
pretest_1230,211.40335
pretest_1231,66.85854
pretest_1232,150.77951
pretest_1233,139.89212
pretest_1234,55.745594
pretest_1235,89.04225
pretest_1236,138.12434
pretest_1237,382.28024
pretest_1238,73.14793
pretest_1239,62.164227
pretest_1240,162.17221
pretest_1241,135.4146
pretest_1242,73.28748
pretest_1243,106.79151
pretest_1244,89.05139
pretest_1245,53.08422
pretest_1246,69.79574
pretest_1247,101.26369
pretest_1248,136.66664
pretest_1249,115.26073
pretest_1250,164.66135
pretest_1251,69.26218
pretest_1252,172.97623
pretest_1253,57.00015
pretest_1254,84.32319
pretest_1255,178.30759
pretest_1256,164.09764
pretest_1257,75.652115
pretest_1258,61.167706
pretest_1259,174.48682
pretest_1260,79.201035
pretest_1261,246.79414
pretest_1262,45.80441
pretest_1263,239.97327
pretest_1264,87.0726
pretest_1265,138.62177
pretest_1266,56.63892
pretest_1267,115.49028
pretest_1268,85.451
pretest_1269,93.820206
pretest_1270,89.1202
pretest_1271,54.99783
pretest_1272,279.20383
pretest_1273,47.642265
pretest_1274,136.53506
pretest_1275,82.54696
pretest_1276,129.24153
pretest_1277,85.88176
pretest_1278,51.843758
pretest_1279,77.555565
pretest_1280,161.9374
pretest_1281,131.00412
pretest_1282,135.3752
pretest_1283,55.428543
pretest_1284,95.789375
pretest_1285,145.04962
pretest_1286,56.205196
pretest_1287,78.64383
pretest_1288,193.27563
pretest_1289,79.801834
pretest_1290,73.72844
pretest_1291,100.758194
pretest_1292,199.73994
pretest_1293,86.19235
pretest_1294,59.75286
pretest_1295,220.51428
pretest_1296,144.24698
pretest_1297,258.68747
pretest_1298,53.351788
pretest_1299,64.56276
pretest_1300,156.01138
pretest_1301,75.91035
pretest_1302,48.371464
pretest_1303,70.793144
pretest_1304,91.97055
pretest_1305,86.64132
pretest_1306,58.73099
pretest_1307,65.7988
pretest_1308,186.23346
pretest_1309,162.92459
pretest_1310,184.25655
pretest_1311,88.93632
pretest_1312,79.21884
pretest_1313,74.605965
pretest_1314,87.76161
pretest_1315,58.738182
pretest_1316,90.985214
pretest_1317,47.000298
pretest_1318,95.0605
pretest_1319,99.780334
pretest_1320,82.18853
pretest_1321,287.11484
pretest_1322,54.201283
pretest_1323,127.10412
pretest_1324,88.43417
pretest_1325,66.58397
pretest_1326,99.38013
pretest_1327,133.40738
pretest_1328,137.195
pretest_1329,233.11136
pretest_1330,142.59479
pretest_1331,65.88838
pretest_1332,113.575485
pretest_1333,62.437946
pretest_1334,94.908035
pretest_1335,73.78527
pretest_1336,39.97325
pretest_1337,116.55415
pretest_1338,86.29339
pretest_1339,88.32071
pretest_1340,102.623795
pretest_1341,82.652504
pretest_1342,115.55751
pretest_1343,66.45491
pretest_1344,151.0265
pretest_1345,86.27153
pretest_1346,73.37848
pretest_1347,77.69377
pretest_1348,222.59714
pretest_1349,104.918915
pretest_1350,69.84296
pretest_1351,145.88516
pretest_1352,70.95914
pretest_1353,60.30773
pretest_1354,77.840744
pretest_1355,83.95187
pretest_1356,58.22806
pretest_1357,52.166595
pretest_1358,151.56342
pretest_1359,166.7002
pretest_1360,82.447784
pretest_1361,233.50836
pretest_1362,132.69034
pretest_1363,78.03207
pretest_1364,39.14838
pretest_1365,89.69064
pretest_1366,68.58738
pretest_1367,89.11553
pretest_1368,170.27274
pretest_1369,68.665726
pretest_1370,153.98926
pretest_1371,152.02719
pretest_1372,222.82922
pretest_1373,61.70619
pretest_1374,80.20176
pretest_1375,94.96343
pretest_1376,80.48619
pretest_1377,209.26582
pretest_1378,235.90555
pretest_1379,145.55939
pretest_1380,242.38348
pretest_1381,142.72021
pretest_1382,75.99129
pretest_1383,83.21962
pretest_1384,60.998917
pretest_1385,195.87793
pretest_1386,116.05731
pretest_1387,88.41764
pretest_1388,267.2413
pretest_1389,91.5425
pretest_1390,156.09467
pretest_1391,75.18464
pretest_1392,205.45155
pretest_1393,158.75136
pretest_1394,153.3757
pretest_1395,81.54612
pretest_1396,105.479355
pretest_1397,264.69003
pretest_1398,64.31897
pretest_1399,124.55763
pretest_1400,84.130295
pretest_1401,234.27907
pretest_1402,178.01077
pretest_1403,50.28973
pretest_1404,104.546486
pretest_1405,209.58218
pretest_1406,182.48558
pretest_1407,126.29715
pretest_1408,115.46448
pretest_1409,62.46137
pretest_1410,95.12657
pretest_1411,70.75915
pretest_1412,94.07071
pretest_1413,98.72334
pretest_1414,51.522526
pretest_1415,104.146835
pretest_1416,132.59213
pretest_1417,48.251873
pretest_1418,64.65529
pretest_1419,281.13727
pretest_1420,187.63391
pretest_1421,78.35771
pretest_1422,52.0274
pretest_1423,272.1705
pretest_1424,59.09878
pretest_1425,124.23959
pretest_1426,115.44408
pretest_1427,52.728294
pretest_1428,109.4747
pretest_1429,60.202248
pretest_1430,128.09944
pretest_1431,62.42168
pretest_1432,91.12479
pretest_1433,135.54362
pretest_1434,65.26307
pretest_1435,224.33578
pretest_1436,125.9534
pretest_1437,102.31801
pretest_1438,136.98328
pretest_1439,404.52097
pretest_1440,147.64673
pretest_1441,123.12128
pretest_1442,204.93066
pretest_1443,167.926
pretest_1444,153.0534
pretest_1445,232.68692
pretest_1446,56.609924
pretest_1447,146.29695
pretest_1448,159.77776
pretest_1449,63.485043
pretest_1450,52.722733
pretest_1451,60.654934
pretest_1452,59.663322
pretest_1453,146.50705
pretest_1454,178.66653
pretest_1455,185.05211
pretest_1456,278.91162
pretest_1457,117.55478
pretest_1458,49.820267
pretest_1459,159.2133
pretest_1460,72.19728
pretest_1461,90.06968
pretest_1462,78.43501
pretest_1463,82.75762
pretest_1464,155.60419
pretest_1465,74.238686
pretest_1466,214.30699
pretest_1467,139.28821
pretest_1468,78.32557
pretest_1469,204.69061
pretest_1470,332.62164
pretest_1471,51.355267
pretest_1472,143.30835
pretest_1473,78.61983
pretest_1474,56.249317
pretest_1475,79.94828
pretest_1476,78.64359
pretest_1477,63.89486
pretest_1478,61.50469
pretest_1479,189.56409
pretest_1480,146.38602
pretest_1481,83.95465
pretest_1482,159.34993
pretest_1483,70.93049
pretest_1484,70.8318
pretest_1485,134.82457
pretest_1486,48.317013
pretest_1487,81.90076
pretest_1488,274.6512
pretest_1489,64.54586
pretest_1490,81.65317
pretest_1491,197.66559
pretest_1492,60.487907
pretest_1493,92.18399
pretest_1494,405.8507
pretest_1495,99.612526
pretest_1496,62.112778
pretest_1497,78.19805
pretest_1498,167.9716
pretest_1499,87.904785
pretest_1500,104.34712
pretest_1501,35.88193
pretest_1502,36.656628
pretest_1503,22.254131
pretest_1504,40.42787
pretest_1505,32.801693
pretest_1506,23.023298
pretest_1507,45.31626
pretest_1508,51.8084
pretest_1509,34.599
pretest_1510,40.592155
pretest_1511,45.672928
pretest_1512,47.42678
pretest_1513,30.208576
pretest_1514,40.16658
pretest_1515,46.244785
pretest_1516,36.419025
pretest_1517,15.809446
pretest_1518,54.278336
pretest_1519,36.782383
pretest_1520,34.735012
pretest_1521,51.741974
pretest_1522,38.241035
pretest_1523,56.33954
pretest_1524,41.413673
pretest_1525,36.494583
pretest_1526,45.086998
pretest_1527,65.87079
pretest_1528,54.789257
pretest_1529,26.14296
pretest_1530,74.90915
pretest_1531,30.958866
pretest_1532,38.31008
pretest_1533,21.859642
pretest_1534,33.356087
pretest_1535,41.98615
pretest_1536,26.69239
pretest_1537,53.954933
pretest_1538,44.257195
pretest_1539,41.82974
pretest_1540,44.435493
pretest_1541,47.40385
pretest_1542,49.871906
pretest_1543,38.234608
pretest_1544,26.615517
pretest_1545,28.677866
pretest_1546,39.764267
pretest_1547,20.159338
pretest_1548,29.884592
pretest_1549,40.213245
pretest_1550,42.977947
pretest_1551,41.961483
pretest_1552,35.20148
pretest_1553,63.11093
pretest_1554,103.7458
pretest_1555,41.648067
pretest_1556,55.138054
pretest_1557,44.88986
pretest_1558,42.937912
pretest_1559,28.595432
pretest_1560,30.651993
pretest_1561,36.044952
pretest_1562,36.48889
pretest_1563,41.753204
pretest_1564,49.90342
pretest_1565,14.781764
pretest_1566,31.611393
pretest_1567,71.909645
pretest_1568,34.97677
pretest_1569,111.22568
pretest_1570,45.593086
pretest_1571,37.125668
pretest_1572,52.70317
pretest_1573,16.287502
pretest_1574,62.15456
pretest_1575,23.411837
pretest_1576,12.594548
pretest_1577,44.165997
pretest_1578,66.22772
pretest_1579,23.145441
pretest_1580,36.323322
pretest_1581,40.6887
pretest_1582,-11.651725
pretest_1583,35.38818
pretest_1584,23.460154
pretest_1585,42.07185
pretest_1586,59.693115
pretest_1587,31.168125
pretest_1588,45.842075
pretest_1589,37.976704
pretest_1590,5.7561626
pretest_1591,38.76203
pretest_1592,6.6346507
pretest_1593,41.429478
pretest_1594,40.77501
pretest_1595,42.72031
pretest_1596,56.602863
pretest_1597,35.54011
pretest_1598,36.74474
pretest_1599,23.941593
pretest_1600,20.202488
pretest_1601,46.705036
pretest_1602,37.6512
pretest_1603,34.0434
pretest_1604,69.42829
pretest_1605,44.154076
pretest_1606,66.20492
pretest_1607,37.37963
pretest_1608,66.26299
pretest_1609,14.394387
pretest_1610,47.503017
pretest_1611,40.75458
pretest_1612,13.6798525
pretest_1613,35.009983
pretest_1614,40.453205
pretest_1615,58.716892
pretest_1616,14.136206
pretest_1617,25.883593
pretest_1618,65.09874
pretest_1619,60.796303
pretest_1620,49.117966
pretest_1621,40.82083
pretest_1622,21.300095
pretest_1623,39.705624
pretest_1624,19.580502
pretest_1625,53.93882
pretest_1626,37.452305
pretest_1627,37.560665
pretest_1628,34.930424
pretest_1629,52.078075
pretest_1630,36.736156
pretest_1631,52.93316
pretest_1632,46.42387
pretest_1633,42.482616
pretest_1634,32.830223
pretest_1635,71.14801
pretest_1636,38.044384
pretest_1637,35.13673
pretest_1638,66.812546
pretest_1639,32.78167
pretest_1640,35.570988
pretest_1641,43.976875
pretest_1642,78.651764
pretest_1643,38.70254
pretest_1644,35.104053
pretest_1645,46.366997
pretest_1646,37.85095
pretest_1647,11.79783
pretest_1648,44.287582
pretest_1649,59.878067
pretest_1650,36.09779
pretest_1651,51.038326
pretest_1652,33.82421
pretest_1653,40.44652
pretest_1654,59.68818
pretest_1655,35.81785
pretest_1656,39.887558
pretest_1657,41.3746
pretest_1658,38.062325
pretest_1659,52.134823
pretest_1660,45.00906
pretest_1661,37.495556
pretest_1662,25.2353
pretest_1663,42.411194
pretest_1664,41.7806
pretest_1665,47.19279
pretest_1666,56.30884
pretest_1667,36.115692
pretest_1668,33.52064
pretest_1669,50.73972
pretest_1670,28.968487
pretest_1671,34.80486
pretest_1672,16.814009
pretest_1673,16.412178
pretest_1674,37.13781
pretest_1675,37.764584
pretest_1676,40.510517
pretest_1677,26.326803
pretest_1678,50.06531
pretest_1679,62.013206
pretest_1680,42.59989
pretest_1681,61.2518
pretest_1682,40.42358
pretest_1683,71.95871
pretest_1684,43.082584
pretest_1685,33.11722
pretest_1686,39.524372
pretest_1687,17.476063
pretest_1688,44.695614
pretest_1689,39.04857
pretest_1690,39.36356
pretest_1691,36.69686
pretest_1692,43.179577
pretest_1693,50.50082
pretest_1694,53.456066
pretest_1695,20.878153
pretest_1696,10.007834
pretest_1697,40.206394
pretest_1698,32.996284
pretest_1699,37.53455
pretest_1700,44.42093
pretest_1701,82.750015
pretest_1702,58.421665
pretest_1703,39.598576
pretest_1704,39.845047
pretest_1705,61.064617
pretest_1706,39.73558
pretest_1707,58.202126
pretest_1708,35.41881
pretest_1709,41.12978
pretest_1710,49.3156
pretest_1711,52.511513
pretest_1712,50.04387
pretest_1713,46.13325
pretest_1714,36.655613
pretest_1715,55.246895
pretest_1716,40.97984
pretest_1717,37.15275
pretest_1718,73.163506
pretest_1719,39.22918
pretest_1720,61.652977
pretest_1721,36.758137
pretest_1722,61.15713
pretest_1723,-1.862413
pretest_1724,46.814037
pretest_1725,44.472374
pretest_1726,41.040424
pretest_1727,39.4703
pretest_1728,51.90917
pretest_1729,16.464247
pretest_1730,35.18872
pretest_1731,40.542904
pretest_1732,48.871452
pretest_1733,49.55845
pretest_1734,70.957825
pretest_1735,70.36058
pretest_1736,50.82363
pretest_1737,39.58486
pretest_1738,46.353657
pretest_1739,40.175922
pretest_1740,62.106976
pretest_1741,42.054855
pretest_1742,36.445957
pretest_1743,50.13555
pretest_1744,43.74693
pretest_1745,41.517128
pretest_1746,43.38957
pretest_1747,55.64252
pretest_1748,47.95007
pretest_1749,34.490227
pretest_1750,36.457943
pretest_1751,35.01222
pretest_1752,44.829918
pretest_1753,30.39126
pretest_1754,38.5621
pretest_1755,49.64833
pretest_1756,75.377144
pretest_1757,63.109562
pretest_1758,40.785202
pretest_1759,38.011406
pretest_1760,48.861855
pretest_1761,73.66325
pretest_1762,44.808628
pretest_1763,41.236115
pretest_1764,59.316208
pretest_1765,46.679665
pretest_1766,35.955307
pretest_1767,61.04773
pretest_1768,44.666855
pretest_1769,89.66464
pretest_1770,38.58313
pretest_1771,36.647717
pretest_1772,33.10301
pretest_1773,62.66673
pretest_1774,29.122183
pretest_1775,34.142574
pretest_1776,15.428205
pretest_1777,37.923527
pretest_1778,46.316967
pretest_1779,62.27556
pretest_1780,51.131653
pretest_1781,53.323994
pretest_1782,28.581364
pretest_1783,37.09618
pretest_1784,43.521263
pretest_1785,30.771042
pretest_1786,72.3589
pretest_1787,60.63863
pretest_1788,22.46352
pretest_1789,42.48865
pretest_1790,11.079963
pretest_1791,39.350277
pretest_1792,47.882637
pretest_1793,52.765438
pretest_1794,28.655252
pretest_1795,39.473835
pretest_1796,46.853947
pretest_1797,53.050335
pretest_1798,47.27464
pretest_1799,34.296413
pretest_1800,43.15633
pretest_1801,43.648327
pretest_1802,70.581825
pretest_1803,40.030777
pretest_1804,57.16043
pretest_1805,35.150494
pretest_1806,77.23805
pretest_1807,14.615308
pretest_1808,42.99764
pretest_1809,49.66569
pretest_1810,50.456337
pretest_1811,34.152813
pretest_1812,14.972638
pretest_1813,38.12349
pretest_1814,156.49854
pretest_1815,48.93107
pretest_1816,22.166468
pretest_1817,47.674374
pretest_1818,61.287403
pretest_1819,32.940388
pretest_1820,52.322117
pretest_1821,41.656155
pretest_1822,82.04101
pretest_1823,62.46844
pretest_1824,51.539333
pretest_1825,31.633379
pretest_1826,55.852734
pretest_1827,34.822884
pretest_1828,39.389854
pretest_1829,25.633087
pretest_1830,52.207363
pretest_1831,92.36209
pretest_1832,37.492565
pretest_1833,44.671825
pretest_1834,45.24049
pretest_1835,29.16218
pretest_1836,40.553997
pretest_1837,48.064796
pretest_1838,31.767809
pretest_1839,38.576748
pretest_1840,68.24112
pretest_1841,54.062504
pretest_1842,42.060257
pretest_1843,26.92454
pretest_1844,40.161427
pretest_1845,42.38846
pretest_1846,34.231937
pretest_1847,19.937088
pretest_1848,37.04444
pretest_1849,39.042164
pretest_1850,3.5787246
pretest_1851,53.10181
pretest_1852,52.35384
pretest_1853,49.933994
pretest_1854,60.39962
pretest_1855,53.754196
pretest_1856,43.712612
pretest_1857,41.395847
pretest_1858,57.520367
pretest_1859,-4.2617693
pretest_1860,50.899876
pretest_1861,46.4721
pretest_1862,46.43212
pretest_1863,54.416046
pretest_1864,75.70494
pretest_1865,15.720129
pretest_1866,34.571835
pretest_1867,41.093327
pretest_1868,16.742828
pretest_1869,54.88885
pretest_1870,23.95275
pretest_1871,57.907593
pretest_1872,35.687008
pretest_1873,40.21965
pretest_1874,48.23579
pretest_1875,48.908638
pretest_1876,41.498432
pretest_1877,32.730618
pretest_1878,40.615738
pretest_1879,22.475708
pretest_1880,45.677456
pretest_1881,41.02521
pretest_1882,71.978806
pretest_1883,61.69191
pretest_1884,36.7348
pretest_1885,63.901207
pretest_1886,43.136646
pretest_1887,50.49667
pretest_1888,35.437748
pretest_1889,22.29155
pretest_1890,40.929478
pretest_1891,43.15482
pretest_1892,37.03867
pretest_1893,36.318394
pretest_1894,39.4798
pretest_1895,35.707592
pretest_1896,42.72472
pretest_1897,47.883373
pretest_1898,61.731632
pretest_1899,58.572495
pretest_1900,46.34329
pretest_1901,38.18214
pretest_1902,18.587702
pretest_1903,78.97432
pretest_1904,30.950748
pretest_1905,59.342175
pretest_1906,18.520372
pretest_1907,37.994747
pretest_1908,41.802258
pretest_1909,45.181072
pretest_1910,53.805435
pretest_1911,40.611034
pretest_1912,38.445942
pretest_1913,41.016605
pretest_1914,49.656803
pretest_1915,54.373703
pretest_1916,61.54885
pretest_1917,44.08032
pretest_1918,41.532593
pretest_1919,41.446014
pretest_1920,52.812542
pretest_1921,35.733997
pretest_1922,40.578457
pretest_1923,35.566074
pretest_1924,31.47172
pretest_1925,44.221546
pretest_1926,43.03793
pretest_1927,64.76702
pretest_1928,47.683044
pretest_1929,41.14809
pretest_1930,26.090418
pretest_1931,51.771275
pretest_1932,37.334373
pretest_1933,34.92621
pretest_1934,40.156055
pretest_1935,58.05514
pretest_1936,16.632618
pretest_1937,53.126404
pretest_1938,53.415165
pretest_1939,51.268143
pretest_1940,21.643475
pretest_1941,45.13247
pretest_1942,52.85097
pretest_1943,44.95727
pretest_1944,42.773643
pretest_1945,49.403736
pretest_1946,35.535423
pretest_1947,45.55785
pretest_1948,38.291004
pretest_1949,46.79279
pretest_1950,55.52676
pretest_1951,0.83707845
pretest_1952,2.5495117
pretest_1953,61.031544
pretest_1954,51.583107
pretest_1955,38.73706
pretest_1956,30.267265
pretest_1957,49.617374
pretest_1958,60.32584
pretest_1959,5.3627934
pretest_1960,58.03927
pretest_1961,43.46288
pretest_1962,42.204563
pretest_1963,57.709484
pretest_1964,32.873
pretest_1965,49.62856
pretest_1966,29.411444
pretest_1967,69.170845
pretest_1968,40.777767
pretest_1969,23.303106
pretest_1970,37.261204
pretest_1971,42.732277
pretest_1972,44.962605
pretest_1973,38.393566
pretest_1974,41.035545
pretest_1975,50.846073
pretest_1976,30.267393
pretest_1977,58.245213
pretest_1978,57.520893
pretest_1979,40.28515
pretest_1980,13.995482
pretest_1981,48.98321
pretest_1982,18.08869
pretest_1983,42.26617
pretest_1984,53.847057
pretest_1985,40.847343
pretest_1986,42.011276
pretest_1987,11.556578
pretest_1988,18.93194
pretest_1989,50.58689
pretest_1990,52.86895
pretest_1991,43.724293
pretest_1992,47.14123
pretest_1993,80.95187
pretest_1994,39.840805
pretest_1995,38.01692
pretest_1996,34.084522
pretest_1997,38.05298
pretest_1998,37.018345
pretest_1999,58.12241
pretest_2000,72.004456
